"cjson","dkjson","filename","rapidjson","simdjson"
"0.03332627","0.34340958","canada.json","0.02273244","0.01957085"
"0.00902336","0.09975001","gsoc-2018.json","0.0094094700000005","0.0048763499999998"
"0.0074011100000007","0.12183697","mesh.json","0.0034796200000008","0.0031762799999998"
"0.0012705300000002","0.02003922","numbers.json","0.00044673999999958","0.00034920999999883"
"8.9810000001194e-05","0.0011286799999991","twitter_api_response.json","8.5839999999564e-05","6.3079999999616e-05"
"0.00032063000000051","0.0044230400000006","twitter_timeline.json","0.0003032900000008","0.00024571999999978"
"0.0040162400000006","0.04850864","update-center.json","0.00420897","0.0032198200000013"
