"cjson","dkjson","filename","rapidjson","simdjson"
"0.02484794","0.11459856","canada.json","0.01377929","0.01340417"
"0.0079303200000001","0.05620034","gsoc-2018.json","0.0085950099999999","0.0036615000000002"
"0.0068585","0.03934749","mesh.json","0.0028935100000002","0.0030518899999998"
"0.0012750300000002","0.0069491099999999","numbers.json","0.00042266999999995","0.00038534000000055"
"6.9870000000236e-05","0.0004485200000002","twitter_api_response.json","6.8559999999849e-05","4.5070000000322e-05"
"0.00025714000000008","0.0017159500000004","twitter_timeline.json","0.00024540999999942","0.00018965999999978"
"0.0033273200000001","0.01943046","update-center.json","0.0035871300000004","0.0026317400000001"
